7ab4880bd837991c0c87c7df40f582bb;1992-Present
b76a835c92b5730be9fd69121388beb9;1993 present
1da957ec5a387d2efd6f088541b8e8b1;1994 1995
8373c6b86e5c245532146c548d4c6723;2011
8373c6b86e5c245532146c548d4c6723;2011
8373c6b86e5c245532146c548d4c6723; present
fbef217f2aa15bd13d778a64039c46ab;2004 present
b35307bae6a18ea3409bb7e134ca91f1;1992 present
b35307bae6a18ea3409bb7e134ca91f1;(Hiatus: 2007 2009; 2012 2015)
ecb9f3d126f5ec32f01ef70b307e4dfa;2007 present
a0b42fd5064a3978c9f9bfe3e217fa19;1994 present
169683570d088f033f62fc74dd0a5185;1993
169683570d088f033f62fc74dd0a5185; - present
6f17bc4a9d1d2e526ed539b23f85fb85;1991 present
06f21b6689839d0bd12a68bf7e51e073;1991 2000
61fdc642aac0db0e49638b90afd9e2ae;1991 1994
e9b82d4f4247115a5dbec32ce39db05a;1992 present
9152898c6b3fc3f0edbee841279dc777;1988 present
24dd9a40323b34a0e903ff5f85d8e6b0;1990 present
3552d5b9a2e1059a0972fb9f413eb066;1995 present
18f53d395666eae5b399a25fb6746b5b;1991 present
8abcb1fb02b3786da87a1481111019e6;1992 present
bc9dba38f6bb2eae5a397df37c73c9a7;1983 present
896e6b7a146789ca064344bfdbda81d8;1990 - present
ef77675480fa9c63ac0b42c80a3bb845;1992 present
75ecad56219e3c2aeae6ca8a17ba3314;1989 present
9b6ba5857779b03136bda3b4952416a1;1993 present
909fedf5c4fc108c91c341684a03bd79;1997-present
7221d179c5519fcfd07af92ec4c0ccdd;1994 Present
05445661b51d5d1943263c68cf6fcc02;1991
05445661b51d5d1943263c68cf6fcc02; present
09ce45668a0ac66e863a239753474ea1;1995-present
9791343a8d89e0a99a91554e366ed4c4;2001 present
39a0a1e8e626d6c21b314a656346e3e3;1991   present
a676d5142151150f25501963299c5e18;1994   present
f3cc1d0992c58f5bb7911114458c33e2;1985 1992
f3cc1d0992c58f5bb7911114458c33e2;2009 present
ffd70a0b2676ef8b6872d568fec2f429;2009 present
75cce1ca5cc218c063dea29bfe37127e;2002 present
cf919a1b237f7ecaa6097fae40a1e0ae;1999
cf919a1b237f7ecaa6097fae40a1e0ae; present
9b98a35d45d938e31c0d62cca530f96f;1996 present
a41da8151f9bab0d5660be3203fd2db5;1997   present
b9a52e1d0d4f9bcc4f43bbffbd0b6fbc;2011 present
57e9bd1f49c7ab4742f796f006f5b828;1987 1996
57e9bd1f49c7ab4742f796f006f5b828; 2009-present
e014e013ba640988c376927aedaba6cb;1988   present
9a41a7f599f9ee6b074dbf85ad0cba56;2010 present
3ad13b32be33063db9ed7a4f1dcfb936;2011 present
94ce6063756530d99410f237a95c0769;1993 present
7e295a5d27190d7a79c3ddc15081ddc6;1999 present
5e9629f78d2611971596bb9209a5c8a7;2003 present
0cd066838738d3f2cee3bc24e427cb0c;1996 2006; 2008 present
62a679c7ff1be915d514af1efab9b3b1;1984-1996
70398a5bb16b97d782eb563d1ec7d8cf;1987 Current
dd6323b45961d85d22b9d277569be928;1988 present
25c56fcaf2b6774cbae19bfce489c074;1994 present
34295986f8c55677336b58a8ed0c8247;1989-1999
34295986f8c55677336b58a8ed0c8247; 2010-2016
951d6073d06c9f36cb856dcf844cf408;1994-present
337fab7a42cf95dfa0055ac43aca1357;1989 Present
f18036ae4a78955151341f684e3704cf;1984—present
f7d90ccc7298af0c6804d31eb043d6d0;1990 present
83ffcd022da19c2497f100f69cc473bd;1992-present
b374f71d606f2071719af6d03a5f02cc;1997-present
995c9520e20c8e1385f6330b4f670a30;1992 - 1997
9b856d0b29d177eb091a527a0842f1e6;1987 - Present
51896a44851643ed39a5c38b2e9323ab;1993 1995
f8ad0d6df58eacc1aa5392acd9de2abb;1990 2001
f8ad0d6df58eacc1aa5392acd9de2abb;2008 present
dba52b914c28964c00eb5b06828785ad;late 2003 present
bafc4ddadab0393862a21010b60f895f;2011 present
43f5318dad1d518806a591394e41ea85;1996-present
25f4138a642150bcc534e1576908f0fc;Late 1980s present
4dfdee65754e8553ce697d1f94f1a448;1992 present
30d65186291f80338bea935d4c25be0d;1992 - 1993
e91b85c452ba37ff1a025d15c322945a;2002
e91b85c452ba37ff1a025d15c322945a;2002
e91b85c452ba37ff1a025d15c322945a; present
cd224fdec7a515fec1c5ca6ee6213740;1992 Present
34956247833633b49246053712020711;2005-present
0ee20854703553da70764675f7fc199a;1999 present
b7882801cf9131a7b5ca47427813f25f;1991 2003
3d85cdc5df486f7c008d3dd9e6ff4f0d;1998 present
2d1aae92dca0d19e49b3b594d498098f;1994 present
8189800b779227eb7a26f731d35b08db;1989 1996
46f8bf07791d0124bddb2a17db4d7206;1986-present
e175bfd0c3ce079202f469b34f29e133;2008 present
1ab8aedb0ed468746a68ce26e32eb8f8;1992 present
911d162f31a9b301c5eca96ed4c42dbb;1993 present
7e136c6bc86556c6c9ab8ad245e17ea7;2004 2011
c8c0346aae9ec6a2e0c5856d0f48eff7;1988   present
0023869d173ddb4f7cc08361bb1d33cd;1994 present
3b8d11eac9a13d423ee96fbfe16cc594;1995   Present
6d200463fa83d6444f1f10799b3b25be;1993-present
e0512d97ac1397b8c4e1ea1dbb8c7d2c;1995 1997
fc1108a424798871941c3d5ea1412226;2002 present
6bec643390827c0c24728505c214eeb9;1998   present
93cff2d79254eb409a9d827601c60f65;1994 present
4cddc2071e70c4153ab74099f9247724;1989 present
6ee966150cd832ad984e8a3854a57c05;1982   present
4a86705bcaf6b88cb5606ac2583cfdc1;1993 present
f53770a004a80e9f95d14b2f9903c17c;1984 present
4616013e6f0de196b698bccb96393755;2006 present
8d5eed09b48c416da87c468478f7e425;1982 present
3446278408bc2713972c7ec739c2fc0d;1991 2009
692d97bf150b06dd8d08dcd3ae285a5e;1993
692d97bf150b06dd8d08dcd3ae285a5e;1993
692d97bf150b06dd8d08dcd3ae285a5e; present (on hiatus)
525b726a13c3f5af0b84935f75383daa;2006 present
fda41e74a233522397c68af64ee52120;2006 2011
81dcabd4f666bc6c0b6dd7401342b3ed;1993-present
524f7c81a7338847144f5a410193f9f6;1990 1996
524f7c81a7338847144f5a410193f9f6; 2007 2014
04c65b761532c5e2382972492b58bb13;1989 1992
f5542278c07521abad132a92fa171aea;1994 2004
41f1a775d7a35315c58535f3c8ea1438;1990 present
