76893686feeda59dd270a6901644f424;Headlinder
76893686feeda59dd270a6901644f424;Aerle Taree
76893686feeda59dd270a6901644f424;Ajile
76893686feeda59dd270a6901644f424;Kwesi Asuo
76893686feeda59dd270a6901644f424;Nadirah Shakoor
76893686feeda59dd270a6901644f424;Foley
532e18683a833a7ca57a7e5535029517;Taxman
532e18683a833a7ca57a7e5535029517;Pakelika
06e903f54fa26da41e6099f26441edb2;Still
06e903f54fa26da41e6099f26441edb2;Oktopus
285a85506efb5f728c2b7d312646648d;DJ Ies
285a85506efb5f728c2b7d312646648d;Dinte
254a01fda9ed2b33b10a8a2689ce40e8;Terminator X
254a01fda9ed2b33b10a8a2689ce40e8;Sister Souljah
9bcf9609951424d82e75e000622e28fc;Professor X
9bcf9609951424d82e75e000622e28fc; (deceased)
9bcf9609951424d82e75e000622e28fc;Sugar Shaft (deceased)
9bcf9609951424d82e75e000622e28fc;Paradise the Architect
