ee023ddb18f0356c134f9ddb95f22e4f;Ragtime
ee023ddb18f0356c134f9ddb95f22e4f;march
ee023ddb18f0356c134f9ddb95f22e4f;waltz
9e6e3a2f3b842895584672f52d6f59aa;Jazz
9e6e3a2f3b842895584672f52d6f59aa;blues
34e2e94762ea9f8db4680683d01cb1bc;Swing
34e2e94762ea9f8db4680683d01cb1bc;orchestral jazz
0f86eb606ebc0ccfb7fd4be2e0101bea;Dixieland
0f86eb606ebc0ccfb7fd4be2e0101bea;jazz
0f86eb606ebc0ccfb7fd4be2e0101bea;swing
0f86eb606ebc0ccfb7fd4be2e0101bea;traditional pop
11e9dc509e8bf904ea037610b8f23e2a;Jazz
47ea282d49bc88d8a8d95fa2a4b857fd;Jazz
47ea282d49bc88d8a8d95fa2a4b857fd;big band
47ea282d49bc88d8a8d95fa2a4b857fd;swing
4989db868b7ca0b0bccfacc3d55d082d;Dixieland
4989db868b7ca0b0bccfacc3d55d082d;jazz
4989db868b7ca0b0bccfacc3d55d082d;swing
4989db868b7ca0b0bccfacc3d55d082d;stride
4989db868b7ca0b0bccfacc3d55d082d;ragtime
e9bd20893892625ee97eade1c3c5b048;Jazz
e9bd20893892625ee97eade1c3c5b048;swing
e9bd20893892625ee97eade1c3c5b048;big band
e9bd20893892625ee97eade1c3c5b048;piano blues
4cd429eaabf8204b02e297899af2646f;Swing
4cd429eaabf8204b02e297899af2646f;continental jazz
4cd429eaabf8204b02e297899af2646f;Gypsy jazz
f2321354c008faa3e4eb633178eb6554;Jazz
f2321354c008faa3e4eb633178eb6554;swing
f2321354c008faa3e4eb633178eb6554;big band
110eba2469e4b10fc5c380dfe337e6b5;Jazz
110eba2469e4b10fc5c380dfe337e6b5;stride
9977bf2556790528e37a68bd48e4d33a;Avant-garde jazz
9977bf2556790528e37a68bd48e4d33a;free jazz
9977bf2556790528e37a68bd48e4d33a;jazz fusion
9977bf2556790528e37a68bd48e4d33a;experimental
9977bf2556790528e37a68bd48e4d33a;bebop
9977bf2556790528e37a68bd48e4d33a;space music
390781b43ffd13e5646b7ea7ee8aa9e0;Jazz
390781b43ffd13e5646b7ea7ee8aa9e0;cool jazz
390781b43ffd13e5646b7ea7ee8aa9e0;bebop
390781b43ffd13e5646b7ea7ee8aa9e0;hard bop
d8843aedaa8a2023fb9a511cfc188294;Jazz
d8843aedaa8a2023fb9a511cfc188294;bebop
d8843aedaa8a2023fb9a511cfc188294;Afro-Cuban jazz
aa934b339adaf1e3e96f1f551dc33263;Vocal jazz
aa934b339adaf1e3e96f1f551dc33263;swing
aa934b339adaf1e3e96f1f551dc33263;traditional pop
708e202156eb561a5f398d78026920eb;Jazz
708e202156eb561a5f398d78026920eb;swing
708e202156eb561a5f398d78026920eb;bebop
708e202156eb561a5f398d78026920eb;hard bop
822e08980c29541d7cdc2727834aef5b;Jazz
822e08980c29541d7cdc2727834aef5b;bebop
6d56504e8bd2cdda2780e8ce6b0d91c7;Jazz
6d56504e8bd2cdda2780e8ce6b0d91c7;cool jazz
6d56504e8bd2cdda2780e8ce6b0d91c7;West Coast jazz
6d56504e8bd2cdda2780e8ce6b0d91c7;third stream
4c5c3133c75ba4b522277951f5ac8387;Jazz
4c5c3133c75ba4b522277951f5ac8387;hard bop
4c5c3133c75ba4b522277951f5ac8387;bebop
4c5c3133c75ba4b522277951f5ac8387;avant-garde jazz
4c5c3133c75ba4b522277951f5ac8387;post-bop
4c5c3133c75ba4b522277951f5ac8387;Third Stream
4c5c3133c75ba4b522277951f5ac8387;orchestral jazz
4c5c3133c75ba4b522277951f5ac8387;free jazz
d0e4854c9170d6329d5babe06ef8e834;Jazz
d0e4854c9170d6329d5babe06ef8e834;bebop
d0e4854c9170d6329d5babe06ef8e834;hard bop
d0e4854c9170d6329d5babe06ef8e834;third stream
d0e4854c9170d6329d5babe06ef8e834;blues
f1fed6662105089e1467a37326120525;Jazz
40a5f2f2e2d98fb8b947bfbd93795544;Avant-garde jazz
40a5f2f2e2d98fb8b947bfbd93795544;hard bop
40a5f2f2e2d98fb8b947bfbd93795544;modal jazz
40a5f2f2e2d98fb8b947bfbd93795544;free jazz
c9b335de7ab57cd2d988b82f2c038e26;Jazz
c9b335de7ab57cd2d988b82f2c038e26;cool jazz
c9b335de7ab57cd2d988b82f2c038e26;third stream
952805fcb875989238b919aaade31146;Cool jazz
952805fcb875989238b919aaade31146;bebop
952805fcb875989238b919aaade31146;West Coast jazz
322f3a0c0d667662b2eb0041d610d6bb;Avant-garde jazz
322f3a0c0d667662b2eb0041d610d6bb;free jazz
322f3a0c0d667662b2eb0041d610d6bb;jazz-fusion
322f3a0c0d667662b2eb0041d610d6bb;free funk
820bde40a384ae9152382c7ee036ac4b;Jazz
820bde40a384ae9152382c7ee036ac4b;classical
820bde40a384ae9152382c7ee036ac4b;big band
820bde40a384ae9152382c7ee036ac4b;Dixieland
c71cdafb03c8a9e31d2835115ab1d6b4;Jazz
c71cdafb03c8a9e31d2835115ab1d6b4;bebop
c71cdafb03c8a9e31d2835115ab1d6b4;jazz blues
c71cdafb03c8a9e31d2835115ab1d6b4;hard bop
c71cdafb03c8a9e31d2835115ab1d6b4;mainstream jazz
ba26047d8ffda6edfb32dc80b7833324;Jazz
ba26047d8ffda6edfb32dc80b7833324;soul jazz
ae8769517551d5bea8405d70c4e56642;Jazz
f6bf94f21c9396b9f24f59ca1cdf77b7;Jazz
b2bcce5a8e8184831e310e45a31da483;Vocal jazz
b2bcce5a8e8184831e310e45a31da483;jazz blues
b2bcce5a8e8184831e310e45a31da483;torch songs
b2bcce5a8e8184831e310e45a31da483;swing
b2bcce5a8e8184831e310e45a31da483;blues
b2bcce5a8e8184831e310e45a31da483;R&B
d5452eadc658afede6c3891c12e4112a;Traditional pop
d5452eadc658afede6c3891c12e4112a;easy listening
d5452eadc658afede6c3891c12e4112a;jazz
d5452eadc658afede6c3891c12e4112a;swing
d5452eadc658afede6c3891c12e4112a;vocal jazz
40aee6814d3f8113f4fc42a0462566a7;Swing
40aee6814d3f8113f4fc42a0462566a7;bebop
40aee6814d3f8113f4fc42a0462566a7;traditional pop
40aee6814d3f8113f4fc42a0462566a7;vocal jazz
40aee6814d3f8113f4fc42a0462566a7;blues
9d80a55ddae3f51b3fd3238bcdcb02e2;Vocal jazz
9d80a55ddae3f51b3fd3238bcdcb02e2;bebop
a8d9271811f35c7fc85dc787a717ee08;Jazz
a8d9271811f35c7fc85dc787a717ee08;popular
d4bafb095579b1b64eacefa22996eaf8;Vocal jazz
d4bafb095579b1b64eacefa22996eaf8;bebop
d4bafb095579b1b64eacefa22996eaf8;smooth jazz
d4bafb095579b1b64eacefa22996eaf8;traditional pop
d4bafb095579b1b64eacefa22996eaf8;bossa nova
675da82ddd9747c157b00fd8711d383c;Jazz
675da82ddd9747c157b00fd8711d383c;blues
675da82ddd9747c157b00fd8711d383c;R&B
675da82ddd9747c157b00fd8711d383c;gospel
675da82ddd9747c157b00fd8711d383c;traditional pop music
c6e3d8106cb5e70befe7170e38f110e3;Pop
c6e3d8106cb5e70befe7170e38f110e3;jazz
c6e3d8106cb5e70befe7170e38f110e3;cool jazz
66e24ee06219854ed6871abff97de8a0;Jazz
66e24ee06219854ed6871abff97de8a0;post-bop
6437562d4561704799483ec4b63861ea;Jazz
4d562f5f31fffdbfe9d711f2184bae81;Jazz
a4e02710dc2461e8fc75e18c74d6d518;R&B
a4e02710dc2461e8fc75e18c74d6d518;jazz
a4e02710dc2461e8fc75e18c74d6d518;blues
a4e02710dc2461e8fc75e18c74d6d518;folk
a4e02710dc2461e8fc75e18c74d6d518;soul
a4e02710dc2461e8fc75e18c74d6d518;classical
a4e02710dc2461e8fc75e18c74d6d518;gospel
cc0aae9acc639f1e7db03022decf650d;Jazz
e3e7e4e35e95b20f889096a2f9eb89ff;Jazz
a3a518f7b91a8a5aa9507dadf43d93e1;Jazz
a3a518f7b91a8a5aa9507dadf43d93e1;Dixieland
b990508a408bb362f52e76eae9e0b00c;Jazz
b990508a408bb362f52e76eae9e0b00c;Dixieland
e29ee019d47ea684b2952b8511b10253;Jazz
4a8d04cae9e9d08bda2e8ccad659efb0;Jazz
c5d6eadd0f04e41f1c03e42998429afc;Dixieland
c5d6eadd0f04e41f1c03e42998429afc;jazz
8aa0f310144714e5d31ac6e6e33d0f42;Jazz
95ab2377508f3c3425f1940bc83231c8;Ragtime
95ab2377508f3c3425f1940bc83231c8;jazz
95ab2377508f3c3425f1940bc83231c8;jazz blues
95ab2377508f3c3425f1940bc83231c8;Dixieland
95ab2377508f3c3425f1940bc83231c8;swing
be514fce7dba4dbfa01d991008cf1cc5;Jazz
d86f39e22750d74ae451198b8f562433;Jazz
d86f39e22750d74ae451198b8f562433;Dixieland
a233d7bc8f96ff991f81081044193600;Jazz
a233d7bc8f96ff991f81081044193600;Dixieland
e61f92d19c140dec6dc26ce9e2c76fdf;Jazz
e61f92d19c140dec6dc26ce9e2c76fdf; traditional Creole
ebb870df4cfdc5d8405f9b9fa6584784;Jazz
106565ae9f04efd719f1a7ea97133571;Jazz
106565ae9f04efd719f1a7ea97133571;blues
106565ae9f04efd719f1a7ea97133571;swing
585837a4eb62afd38b24fe5b356c9d55;Swing
585837a4eb62afd38b24fe5b356c9d55;big band
585837a4eb62afd38b24fe5b356c9d55;jazz
eeb15a7027c4bf36e79ad1a3bdb43766;Jazz
eeb15a7027c4bf36e79ad1a3bdb43766;swing
f94655dbb5853c7029768538406b26a2;Big Band
f94655dbb5853c7029768538406b26a2;Swing
f94655dbb5853c7029768538406b26a2;Dixieland
19cf8435398409aecda2791c9decdbc4;Big band
19cf8435398409aecda2791c9decdbc4;swing
19cf8435398409aecda2791c9decdbc4;jazz
389456d8585b79734c97b88e2007c42c;Jazz
8b04535dbc7593a5628dda10c04c76b5;Jazz
8b04535dbc7593a5628dda10c04c76b5;Bebop
555237422106721558fafd5d0b72d9c9;Classic Jazz
555237422106721558fafd5d0b72d9c9;Swing music
555237422106721558fafd5d0b72d9c9;bebop
476e2f535cf0b6263e74ebf9096e6891;Jazz
476e2f535cf0b6263e74ebf9096e6891;swing
3eed415f2a1e23fa72b7c4e80e44466f;Jazz
3eed415f2a1e23fa72b7c4e80e44466f;swing
f58d4baeeb5af5bf72a5125017bbaa11;Swing
f58d4baeeb5af5bf72a5125017bbaa11;bebop
f58d4baeeb5af5bf72a5125017bbaa11;jump blues
a4d07965f5331b9e7c6312b9daa877ec;Blues
a4d07965f5331b9e7c6312b9daa877ec;swing
a4d07965f5331b9e7c6312b9daa877ec;jazz
a4d07965f5331b9e7c6312b9daa877ec;jump blues
93314577dbccaac02fa30f76de2a783a;Swing music
93314577dbccaac02fa30f76de2a783a;big band
31ebe9611e8d5472e961890523c17b20;Swing
31ebe9611e8d5472e961890523c17b20;big band
8a990c6872eb3a55a0eef67e9df28bd9;Jazz
7a323417cb40711eeafc515323a517fe;Jazz
ddab544c61f54782c73d8ff05364c11e;Jazz
f20572050a5b3034a77ae574646962cd;Jazz
7a9198832443878686382f04db0cf6d7;Jazz
67787c43f6b7c735eb3a3e97bf79f243;Jazz
67787c43f6b7c735eb3a3e97bf79f243;jazz fusion
67787c43f6b7c735eb3a3e97bf79f243;hard bop
69278f66fd40cab2db6dcd469c65cfd6;Jazz
69278f66fd40cab2db6dcd469c65cfd6;jazz fusion
69278f66fd40cab2db6dcd469c65cfd6;post-bop
69278f66fd40cab2db6dcd469c65cfd6;Latin jazz
69278f66fd40cab2db6dcd469c65cfd6;classical music
69278f66fd40cab2db6dcd469c65cfd6;avant-garde jazz
69278f66fd40cab2db6dcd469c65cfd6;bebop
69278f66fd40cab2db6dcd469c65cfd6;progressive rock
89f1ad5cdb866d5addc8b844248dc291;Jazz
89f1ad5cdb866d5addc8b844248dc291;jazz fusion
89f1ad5cdb866d5addc8b844248dc291;post-bop
89f1ad5cdb866d5addc8b844248dc291;free jazz
0294611c9b15fc34e7611e0f7aca624f;Cool jazz
0294611c9b15fc34e7611e0f7aca624f;West Coast jazz
0294611c9b15fc34e7611e0f7aca624f;mainstream jazz
5faf68985b4819b40796c9cef942a0bf;Jazz
5faf68985b4819b40796c9cef942a0bf;modal jazz
5faf68985b4819b40796c9cef942a0bf;third stream
5faf68985b4819b40796c9cef942a0bf;cool jazz
5faf68985b4819b40796c9cef942a0bf;post-bop
7f0353ee82d71cd6ac601e546a57a064;Jazz
7f0353ee82d71cd6ac601e546a57a064;third stream
7f0353ee82d71cd6ac601e546a57a064;cool jazz
7f0353ee82d71cd6ac601e546a57a064;modal jazz
7f0353ee82d71cd6ac601e546a57a064;jazz fusion
7f0353ee82d71cd6ac601e546a57a064;free jazz
27a9a3f10c5ad4da92da5d523abd4abd;Jazz
d7decafb7d25eeff4efb59f975523d7f;Jazz
d7decafb7d25eeff4efb59f975523d7f;bossa nova
d7decafb7d25eeff4efb59f975523d7f;Afro-Cuban jazz
d7decafb7d25eeff4efb59f975523d7f;fusion
d7decafb7d25eeff4efb59f975523d7f;funk
d7decafb7d25eeff4efb59f975523d7f;classical
d7decafb7d25eeff4efb59f975523d7f;third stream
d7decafb7d25eeff4efb59f975523d7f;vocal
d7decafb7d25eeff4efb59f975523d7f;pop
89af67595e049a6178dd5aee2b059cee;Jazz
89af67595e049a6178dd5aee2b059cee;swing
89af67595e049a6178dd5aee2b059cee;bebop
89af67595e049a6178dd5aee2b059cee;hard bop
caea2bf8a87620b6bfba5efe0c5fd3ce;Jazz
caea2bf8a87620b6bfba5efe0c5fd3ce;Progressive Rock
caea2bf8a87620b6bfba5efe0c5fd3ce;Armenian Folk
517a71f7df064bae3fa46fdacce5789f;Cool jazz
517a71f7df064bae3fa46fdacce5789f;West Coast jazz
517a71f7df064bae3fa46fdacce5789f;Progressive jazz
517a71f7df064bae3fa46fdacce5789f;Free-jazz
517a71f7df064bae3fa46fdacce5789f;Soul-jazz
517a71f7df064bae3fa46fdacce5789f;Hard bop
517a71f7df064bae3fa46fdacce5789f;Post-bop
517a71f7df064bae3fa46fdacce5789f;Crossover jazz
517a71f7df064bae3fa46fdacce5789f;Jazz funk
517a71f7df064bae3fa46fdacce5789f;Boogaloo
78a7e5bfdabd32ab5588d51e79a7e052;Jazz
78a7e5bfdabd32ab5588d51e79a7e052;post-bop
78a7e5bfdabd32ab5588d51e79a7e052;fusion
78a7e5bfdabd32ab5588d51e79a7e052;jazz-funk
78a7e5bfdabd32ab5588d51e79a7e052;electro
78a7e5bfdabd32ab5588d51e79a7e052;classical
0bbd8d68fbb0ce78ba144ecc96218e4e;Bebop
0bbd8d68fbb0ce78ba144ecc96218e4e;hard bop
0bbd8d68fbb0ce78ba144ecc96218e4e;mainstream jazz
0bbd8d68fbb0ce78ba144ecc96218e4e;post-bop
06a21ec83777e3cc0ddede4a4bba1c8b;Hard bop
06a21ec83777e3cc0ddede4a4bba1c8b;Afro-Cuban jazz
06a21ec83777e3cc0ddede4a4bba1c8b;modal jazz
06a21ec83777e3cc0ddede4a4bba1c8b;mainstream jazz
06a21ec83777e3cc0ddede4a4bba1c8b;post-bop
e2060c9bc053897758b86591ff3974e7;Progressive jazz
e2060c9bc053897758b86591ff3974e7;West Coast jazz
e2060c9bc053897758b86591ff3974e7;swing
c5da9103d3507536148bdb6373c4bfa7;Afrobeat
c5da9103d3507536148bdb6373c4bfa7;highlife
62fe5ac01d0aa1b8a087e6055444c116;Jazz
62fe5ac01d0aa1b8a087e6055444c116;cool jazz
62fe5ac01d0aa1b8a087e6055444c116;third stream
d2c75243178157648ae50eea1c877cb5;Jazz
d2c75243178157648ae50eea1c877cb5;Classical
b249c22a61240acc7d371316792ca9e2;Jazz
b249c22a61240acc7d371316792ca9e2;jazz fusion
b249c22a61240acc7d371316792ca9e2;avant-garde jazz
5437d0867a149c87edc1346a21f177a8;Jazz
5437d0867a149c87edc1346a21f177a8;jazz fusion
5437d0867a149c87edc1346a21f177a8;rhythm and blues
5437d0867a149c87edc1346a21f177a8; rock
5437d0867a149c87edc1346a21f177a8;funk
5437d0867a149c87edc1346a21f177a8;smooth jazz
d613b04c142c44a512f9aedd14cb6650;Jazz
d613b04c142c44a512f9aedd14cb6650;cool jazz
d613b04c142c44a512f9aedd14cb6650;third stream
8b10a74f73c40a992097eb95aa67528f;Jazz
8b10a74f73c40a992097eb95aa67528f;blues
8b10a74f73c40a992097eb95aa67528f;soul
8b10a74f73c40a992097eb95aa67528f;gospel
2b236d8828250cbb0cd124053fe0241d;Jazz
2b236d8828250cbb0cd124053fe0241d;bebop
89065360dc1b70418517d43dbf6397ce;Jazz
89065360dc1b70418517d43dbf6397ce;Swing
89065360dc1b70418517d43dbf6397ce;Traditional pop
89065360dc1b70418517d43dbf6397ce;Jump blues
89065360dc1b70418517d43dbf6397ce;Big band
1c30aa4348cf54ac5aa2f03876b92c0e;Jazz
1c30aa4348cf54ac5aa2f03876b92c0e;bebop
1c30aa4348cf54ac5aa2f03876b92c0e;hard bop
21a474bed29bd5c07ce003fda210e41c;Jazz
21a474bed29bd5c07ce003fda210e41c;hard bop
f480080421bdb5976432b5d86bd838c0;Jazz
bbc5c872f68c0e6777b6d4d61c1fa3e5;Jazz
bbc5c872f68c0e6777b6d4d61c1fa3e5;bebop
bbc5c872f68c0e6777b6d4d61c1fa3e5;swing
bbc5c872f68c0e6777b6d4d61c1fa3e5;cool jazz
58e6a8a0773648ceb9fa32c5fcd33bdd;Modal jazz
58e6a8a0773648ceb9fa32c5fcd33bdd;crossover jazz
58e6a8a0773648ceb9fa32c5fcd33bdd;post-bop
58e6a8a0773648ceb9fa32c5fcd33bdd;hard bop
58e6a8a0773648ceb9fa32c5fcd33bdd;jazz fusion
58e6a8a0773648ceb9fa32c5fcd33bdd;third stream
50d4fb629f6fbe6dd74dc25709a8bfdf;jazz fusion
50d4fb629f6fbe6dd74dc25709a8bfdf;jazz-rock
50d4fb629f6fbe6dd74dc25709a8bfdf;folk jazz
50d4fb629f6fbe6dd74dc25709a8bfdf;world fusion
50d4fb629f6fbe6dd74dc25709a8bfdf;crossover jazz
9587297a58fdae9d808482ab76a1eb61;Jazz
cff370027dc6290a060398460313d211;Jazz
527fbf3ea10c6258e59e521d8bd43746;Jazz
527fbf3ea10c6258e59e521d8bd43746;Latin jazz
527fbf3ea10c6258e59e521d8bd43746;bebop
527fbf3ea10c6258e59e521d8bd43746;Afro-Cuban jazz
527fbf3ea10c6258e59e521d8bd43746;Beautiful music
4aa2f14433f2fbea78334d26cafc2cd9;Ethno jazz
4aa2f14433f2fbea78334d26cafc2cd9;world fusion
4aa2f14433f2fbea78334d26cafc2cd9;Sufi
4aa2f14433f2fbea78334d26cafc2cd9;qawwali
4aa2f14433f2fbea78334d26cafc2cd9;jazz fusion
4aa2f14433f2fbea78334d26cafc2cd9;new-age
4aa2f14433f2fbea78334d26cafc2cd9;jazztronica
6ff29b55116f59569118dce5011122fd;Jazz
6ff29b55116f59569118dce5011122fd;jazz fusion
6ff29b55116f59569118dce5011122fd;free improvisation
6ff29b55116f59569118dce5011122fd;rock'n'roll
059cb7900bd0b74b056cd28189013ce2;Jazz
059cb7900bd0b74b056cd28189013ce2;traditional music
c8b30e28e800612b87de0982aa3ee01e;Jazz
fa6489deb59b8bb8feb27e3d8dbf81da;Traditional music
fa6489deb59b8bb8feb27e3d8dbf81da; jazz
dd81fd631ab204b0de6449427f360531;Jazz
dd81fd631ab204b0de6449427f360531;tango
82d65c2b37377d8db91f29c8f5a7928f;Jazz
82d65c2b37377d8db91f29c8f5a7928f;Contemporary classical
82d65c2b37377d8db91f29c8f5a7928f;Experimental music
82d65c2b37377d8db91f29c8f5a7928f;Folk
f9d86f72901ad292568406bd45f04b13;Jazz
07d9f9ce4df2d29f51d86ec5135c1971;Jazz
dd02afa2d839431d45374c8f440d44b9;Jazz
e7ee4b089120cc87c53169118e992e54;Jazz
3873f312a55ce6549640560afe2e3bc7;Jazz
3873f312a55ce6549640560afe2e3bc7;bebop
3873f312a55ce6549640560afe2e3bc7;third stream
f39d2e015eabe05e2ffe657d80302879;Observational comedy
f39d2e015eabe05e2ffe657d80302879;satire
f39d2e015eabe05e2ffe657d80302879;black comedy
f39d2e015eabe05e2ffe657d80302879;self-deprecation
f39d2e015eabe05e2ffe657d80302879;deadpan
06ab3188062529de8f8c4c885a039595;Swing
06ab3188062529de8f8c4c885a039595;Dixieland
2a38fd1293f4303767c3d5b5f3edc537;Avant-garde jazz
2a38fd1293f4303767c3d5b5f3edc537;Post bop
2a38fd1293f4303767c3d5b5f3edc537;M-Base
2a38fd1293f4303767c3d5b5f3edc537;Klezmer
7fcebef4f8778153aef33066ca283754;Jazz
7fcebef4f8778153aef33066ca283754;world music
ec8e8ae901223cb87523cb874de3270d;Jazz
ec8e8ae901223cb87523cb874de3270d;post-bop
f364289ee1e1949e816eb67c8fd3fb7c;Jazz
f364289ee1e1949e816eb67c8fd3fb7c;classical
f1a825ea949c82d6d988d140668966a0;Dixieland
f1a825ea949c82d6d988d140668966a0;swing
d934f6763e86d38a72b63d285083294f;Swing
d934f6763e86d38a72b63d285083294f;bebop
d934f6763e86d38a72b63d285083294f;post-bop
bd9a6649c65c1208b0884104c24a49fe;Dixieland Jazz
bd9a6649c65c1208b0884104c24a49fe; Jazz
bd9a6649c65c1208b0884104c24a49fe; Pop Jazz
bd9a6649c65c1208b0884104c24a49fe; Honky-Tonk Jazz
bd9a6649c65c1208b0884104c24a49fe; Pop
bd9a6649c65c1208b0884104c24a49fe; and Creole
7d11b455ffe63f1867ee469ca9e5ee5c;Jazz
7d11b455ffe63f1867ee469ca9e5ee5c;avant-garde
7d11b455ffe63f1867ee469ca9e5ee5c;big band
7d11b455ffe63f1867ee469ca9e5ee5c;dixieland
6f568284dc9887c9a137346803e3fb1b;Swing
6f568284dc9887c9a137346803e3fb1b;New Orleans Jazz
73af4b9803593a9b440bdc973a08a91d;Jazz
e82e78047726c16f512f298b5e973966;Big band music
e82e78047726c16f512f298b5e973966;swing
e82e78047726c16f512f298b5e973966;cool jazz
b054e790cca104835e2d0ddf7b103e1a;Jazz
b054e790cca104835e2d0ddf7b103e1a;dixieland
b054e790cca104835e2d0ddf7b103e1a;swing
b12e87fb1e5d343e14e1acb7b9c720a5;Jazz
e4262cd1fba2e3effaacf1791650fd1d;Dixieland
e4262cd1fba2e3effaacf1791650fd1d;Swing
e4262cd1fba2e3effaacf1791650fd1d;Mainstream jazz
e4262cd1fba2e3effaacf1791650fd1d;Traditional pop
4b220db7c360a101302b6fbc2fcfaa2a;Jazz
5075a09bafde543bd05924bed5bb462d;Jazz
5075a09bafde543bd05924bed5bb462d;bebop
5075a09bafde543bd05924bed5bb462d;dixieland
5075a09bafde543bd05924bed5bb462d;swing
5075a09bafde543bd05924bed5bb462d;post-bop
5075a09bafde543bd05924bed5bb462d;free jazz
15bf99210ae921f2f82f6ba140598019;Hard bop
15bf99210ae921f2f82f6ba140598019;soul jazz
d8125462169484e0d7256e8469735bf5;Big band
d8125462169484e0d7256e8469735bf5;swing
d8125462169484e0d7256e8469735bf5;jazz
c6115185d3f3133ee0a9c9e658c8c7ac;Jazz
09d601fa867d2bcc996d9ec950a34285;Jazz
09d601fa867d2bcc996d9ec950a34285;Dixieland
09d601fa867d2bcc996d9ec950a34285;ragtime
74b17ee24c471070e08bdbcfb98a65ac;Jazz
7a8747c5a063ed9cf89bc7a00911b06b;Jazz
9f45c4c988fc6dee018e432d0539fac9;Jazz
ab30fe166e2f4c6a2a12d0351c0978fa;Smooth jazz
8f6c91d6e191f28b135964b4522b3f34;Jazz
8f6c91d6e191f28b135964b4522b3f34;traditional
011e59a412fbc6f60a979abab65c8033;Jazz
011e59a412fbc6f60a979abab65c8033;bebop
011e59a412fbc6f60a979abab65c8033;hard bop
011e59a412fbc6f60a979abab65c8033;post-bop
011e59a412fbc6f60a979abab65c8033;modal jazz
011e59a412fbc6f60a979abab65c8033;avant-garde jazz
5490910d95d3aefb499b6c7753404342;Jazz
5490910d95d3aefb499b6c7753404342;avant-garde jazz
5490910d95d3aefb499b6c7753404342;chamber jazz
b0cc4f7c681fa80136dabce134af704f;Jazz
b0cc4f7c681fa80136dabce134af704f;jazz funk
b0cc4f7c681fa80136dabce134af704f;fusion
b0cc4f7c681fa80136dabce134af704f;hard bop
b12f6a631ddb3eda6da5d9fa622c18cb;Jazz
b12f6a631ddb3eda6da5d9fa622c18cb;new-age
b12f6a631ddb3eda6da5d9fa622c18cb;ambient
1eccc3567a63b4a5dd6d2943e1be6821;Jazz
1eccc3567a63b4a5dd6d2943e1be6821;Fusion
0c20d4461ff543f10e50d12485f9f926;Jazz
0c20d4461ff543f10e50d12485f9f926;Hard-bop
0c20d4461ff543f10e50d12485f9f926;Soul jazz
0c20d4461ff543f10e50d12485f9f926;Post-bop
0c20d4461ff543f10e50d12485f9f926;Avant-garde jazz
0c20d4461ff543f10e50d12485f9f926;Mainstream jazz
ffe629b990b3f03ee15bd3d1d40c7918;Jazz
ffe629b990b3f03ee15bd3d1d40c7918;classical
06c966db35cfd4639066f49905443cf4;New-age music
06c966db35cfd4639066f49905443cf4;jazz
06c966db35cfd4639066f49905443cf4;post-bop
06c966db35cfd4639066f49905443cf4;jazz fusion
06c966db35cfd4639066f49905443cf4;swing
06c966db35cfd4639066f49905443cf4;hard bop
06c966db35cfd4639066f49905443cf4;third stream
06c966db35cfd4639066f49905443cf4;world music
b73dacc38d0d98baccea3984bee1337a;Jazz
b73dacc38d0d98baccea3984bee1337a;bossa nova
b73dacc38d0d98baccea3984bee1337a;disco
b73dacc38d0d98baccea3984bee1337a;world music
d2600ba803bdf33f4436354af31836eb;Jazz
c19cf7d6613167d9370cd5e4c7e7db95;Jazz
0e4d81a923ff9ee84ec78b60618e5764;Jazz
70cf0904d40dea96e39ca737cb61e74d;Jazz
70cf0904d40dea96e39ca737cb61e74d;avant-garde jazz
70cf0904d40dea96e39ca737cb61e74d;free jazz
4ba6dbc022f01706aee9cb3db2910fce;Jazz
9335c9277a247b1dca16bcbe6e7fd5ab;Jazz
9335c9277a247b1dca16bcbe6e7fd5ab;jazz-rock
24c3b1ad5fa368284a7993636a39c157;Jazz
24c3b1ad5fa368284a7993636a39c157;Latin jazz
24c3b1ad5fa368284a7993636a39c157;smooth jazz
94c53d4551e0a27fe326b92e06318b43;Jazz
8420791a09b96a46862953c21ab0f9be;Jazz
d9a9fa6d727919fa938f15e4351ec1b3;Jazz
1e8f6ee68c5a416dd9d9d27fb3120ff5;Jazz
46f4be702e5f29e0a50968ed9920dd27;Progressive rock
46f4be702e5f29e0a50968ed9920dd27;industrial rock
46f4be702e5f29e0a50968ed9920dd27;experimental rock
46f4be702e5f29e0a50968ed9920dd27;new wave
b13c15b90eda62690fc728aa962574e4;Jazz fusion
b13c15b90eda62690fc728aa962574e4;world fusion
b13c15b90eda62690fc728aa962574e4;progressive rock
b13c15b90eda62690fc728aa962574e4;psychedelic rock
32ddb617fb0ac430edf0e013de5f240e;Jazz
32ddb617fb0ac430edf0e013de5f240e;jazz fusion
32ddb617fb0ac430edf0e013de5f240e;Latin jazz
32ddb617fb0ac430edf0e013de5f240e;world
32ddb617fb0ac430edf0e013de5f240e;experimental
32ddb617fb0ac430edf0e013de5f240e;avant-garde
4415dd87c86660710bddb603ec6182b0;Jazz
91c0cad1a4ce01128e07643dbf66c0cc;Jazz
91c0cad1a4ce01128e07643dbf66c0cc;bebop
23b7e044da44f95bb96e3a5bd60977a3;R&B
23b7e044da44f95bb96e3a5bd60977a3;hip hop soul
23b7e044da44f95bb96e3a5bd60977a3;soul
23b7e044da44f95bb96e3a5bd60977a3;neo soul
23b7e044da44f95bb96e3a5bd60977a3;jazz fusion
bb66c6f65c7619e766c81fc1a0e14014;Jazz
3a6ada11ddf9d8817695ac05ac9e4417;Jazz
872c97b978fe911d48c54bc3b925e27a;Experimental
872c97b978fe911d48c54bc3b925e27a;free improvisation
872c97b978fe911d48c54bc3b925e27a;avant-garde
75d98f35e14a7c701f73a87dbdf96c69;Jazz
75d98f35e14a7c701f73a87dbdf96c69;jazz blues
75d98f35e14a7c701f73a87dbdf96c69;blues
46aaaba41dcd5d6cf80fc7963aff6a6d;Jazz
77c6558562be139932fda6d148845535;Jazz
39640e81ac132edfb244c3a010dbf60d;Jazz
150199a69f2142abafd68f9ed247c07e;R&B
150199a69f2142abafd68f9ed247c07e;soul
150199a69f2142abafd68f9ed247c07e;blues
150199a69f2142abafd68f9ed247c07e;gospel
150199a69f2142abafd68f9ed247c07e;country
150199a69f2142abafd68f9ed247c07e;jazz
150199a69f2142abafd68f9ed247c07e;pop
150199a69f2142abafd68f9ed247c07e;rock and roll
62c4627a657b4174cc41e053734f96ff;Jazz
62c4627a657b4174cc41e053734f96ff;jazz fusion
62c4627a657b4174cc41e053734f96ff;new-age
14a189c6d93f44ae0ee2a9a8d74df369;Jazz
14a189c6d93f44ae0ee2a9a8d74df369;avant-garde jazz
14a189c6d93f44ae0ee2a9a8d74df369;post-bop
14a189c6d93f44ae0ee2a9a8d74df369;third stream
14a189c6d93f44ae0ee2a9a8d74df369;free jazz
fb2253898211f25464ea089243e39e9f;Jazz
fb2253898211f25464ea089243e39e9f;Big band
fb2253898211f25464ea089243e39e9f;Avant-garde
fb2253898211f25464ea089243e39e9f;Jazz fusion
53a72dd7abe05fd4db369c5f529dbdbf;Jazz
59547f03363be9435de2cad49993ebaf;Jazz
59547f03363be9435de2cad49993ebaf;bossa nova
59547f03363be9435de2cad49993ebaf;Afro-Cuban jazz
59547f03363be9435de2cad49993ebaf;fusion
59547f03363be9435de2cad49993ebaf;funk
59547f03363be9435de2cad49993ebaf;classical
59547f03363be9435de2cad49993ebaf;vocal
59547f03363be9435de2cad49993ebaf;pop
d52208ec382f2a04ab950f724c156fa2;Jazz
0be94766d926d189b87cf73d245493c3;Swing
595a4951376b608229cdfd2491f68bc9;Swing
595a4951376b608229cdfd2491f68bc9;big band
595a4951376b608229cdfd2491f68bc9;mainstream jazz
595a4951376b608229cdfd2491f68bc9;New York blues
2a534b5b8461207d10d147941b17c3d2;Jazz
088e31277ee65753131c248e70a741ca;Jazz
088e31277ee65753131c248e70a741ca;acid jazz
088e31277ee65753131c248e70a741ca;funk
088e31277ee65753131c248e70a741ca;R&B
088e31277ee65753131c248e70a741ca;rock
088e31277ee65753131c248e70a741ca;fusion
b2b1cc4a8ee4dea03188d29463eac0bd;Jazz
167da78b120b099355036ff2d2d9e367;Brazilian music
167da78b120b099355036ff2d2d9e367;jazz
167da78b120b099355036ff2d2d9e367;forr√≥
2987d8ce5463dcdacc586c33d92b0e30;Jazz
89da7a866ffc33544f0e8479e5d343fe;Jazz
89da7a866ffc33544f0e8479e5d343fe;avant-garde
89da7a866ffc33544f0e8479e5d343fe;free jazz
89da7a866ffc33544f0e8479e5d343fe;modal jazz
e70acf2c19ce7ced93e66c74853ea162;Jazz
e70acf2c19ce7ced93e66c74853ea162;bebop
74d777d0a6de5868ded003591da44981;Jazz
57d4808cd53b4d2704caba92a051a64b;jazz
57d4808cd53b4d2704caba92a051a64b;big band
57d4808cd53b4d2704caba92a051a64b;bebop
57d4808cd53b4d2704caba92a051a64b;orchestral jazz
57d4808cd53b4d2704caba92a051a64b;classical
57d4808cd53b4d2704caba92a051a64b;concerto
91e646cb58f6185f4f35a1c72d10a638;Jazz
91e646cb58f6185f4f35a1c72d10a638;cool jazz
f5c19eead672802d331bca23d9d5ff32;Avant-garde jazz
a67ad426802521e7be9d1b0786b5c19b;Jazz
a67ad426802521e7be9d1b0786b5c19b;swing
7e07898e7faf407810760d5813d3f5af;Jazz
3c10c088cd6470c3a37c6a392399455e;Jazz
3c10c088cd6470c3a37c6a392399455e;classical
36252adcb56d6bd624f2d61930361957;Jazz
50fe9c4a6816c6859c633e170d63873a;Jazz
8f7bba016ea278dd009d186a31e3618a;Jazz
1dac4daa35d9f7df8182c76485d20514;Jazz
943bb4132efa929f435bd3847cac4244;Jazz
4fbd662cf5b804c722a84610b2fa7280;Jazz
7ebebe1faa5d89d92763faa039b3adcf;Jazz
700c839d639f5ef177739c40234df76d;Rhythm and blues
700c839d639f5ef177739c40234df76d;Jazz
bc6146f9ff99f3ef4c0d758985696a2e;Jazz
0426733b618061bdaf25b517eeef7d3d;Jazz
13f37814d106e6367bec3eecc7061d8e;Jazz
ffb492c555c1b4a2b298356db81f136f;Jazz
efbd3bb07f955e37f1e53d07d9594aec;Jazz
f9e9d693082af2b557872d8d26f1b657;Jazz
254995667bfb6c9671d331503d4972cb;Jazz
d3c83317f347a9c48c459a67a3c1a9ce;Jazz
d3c83317f347a9c48c459a67a3c1a9ce;R&B
d3c83317f347a9c48c459a67a3c1a9ce;blues
