e576bbb45a49654961323f257dda61aa;Daytona Beach
e576bbb45a49654961323f257dda61aa; Florida
558c816fd9d00137dfbde75cfa9ef41f;Detroit
558c816fd9d00137dfbde75cfa9ef41f; Michigan
558c816fd9d00137dfbde75cfa9ef41f; U.S.
4e8af96b33966dd6e5f7a10e18f9c46c;Houston
4e8af96b33966dd6e5f7a10e18f9c46c; Texas
4e8af96b33966dd6e5f7a10e18f9c46c; U.S.
f08c55ce1c10017838738f8655a365d3;New York City
f08c55ce1c10017838738f8655a365d3;New York
c88201badf1c0621d855556752dca90a;Indianapolis
c88201badf1c0621d855556752dca90a; Indiana
1eac99096c21788e909d3f3ef52ff223;Cincinnati
1eac99096c21788e909d3f3ef52ff223; Ohio
1eac99096c21788e909d3f3ef52ff223; United States
9b62b67b47f77816b9b918b2ef75786b;Chicago
9b62b67b47f77816b9b918b2ef75786b;Illinois
9b62b67b47f77816b9b918b2ef75786b; U.S.
cc71914c7f19038c6d89849463bea4d7;Brown's Town
cc71914c7f19038c6d89849463bea4d7;Saint Ann Parish
cc71914c7f19038c6d89849463bea4d7; Jamaica
0d2628d472c6d85bf8d0d4add55ebf9e;Detroit
0d2628d472c6d85bf8d0d4add55ebf9e; Michigan
0d2628d472c6d85bf8d0d4add55ebf9e; United States
58f4cc75106d3cd2d0bef73fc1fd35df;Chestertown
58f4cc75106d3cd2d0bef73fc1fd35df;Maryland
58f4cc75106d3cd2d0bef73fc1fd35df;United States
c08cb79583af1bf0f1dadb097754f20a;Buffalo
c08cb79583af1bf0f1dadb097754f20a;New York
c08cb79583af1bf0f1dadb097754f20a;USA
9f48ea3d9419ec241ff13232d4a9980c;Durham
9f48ea3d9419ec241ff13232d4a9980c; North Carolina
087f500d1cd90d8c14fde45c43f50086;Pasadena
087f500d1cd90d8c14fde45c43f50086; California
087f500d1cd90d8c14fde45c43f50086; U.S.
